time,latitude,longitude,altitude
2062.920253826,-0.0017194147383889913,0.0001638756139310559,2.401460647583008
2062.970253827,-0.0017194146013252976,0.0001638687945973485,2.4014639854431152
2063.020253828,-0.0017194135047446935,0.0001638341496406741,2.4014790058135986
2063.070253829,-0.0017194111745197915,0.00016374486434431892,2.401484727859497
2063.120253829,-0.0017194058287088865,0.0001635780648125558,2.401475191116333
2063.17025383,-0.0017193978785314812,0.00016331755941133064,2.4014532566070557
2063.220253831,-0.0017193865015485699,0.00016294662535245644,2.401426315307617
2063.270253831,-0.0017193721089938663,0.00016247287013383796,2.4014058113098145
2063.320253832,-0.001719354152555752,0.00016189757880579692,2.40139102935791
2063.370253833,-0.001719333454687444,0.00016122455511728576,2.4013824462890625
2063.420253834,-0.0017193097412189218,0.00016045604362286642,2.401376962661743
2063.470253834,-0.001719283149242301,0.00015959331223885635,2.401373863220215
2063.520253835,-0.0017192536787575818,0.0001586368749853843,2.401371955871582
2063.570253836,-0.0017192216038921515,0.00015758695460450602,2.4013705253601074
2063.620253837,-0.001719186513454929,0.0001564434825602043,2.401369333267212
2063.670253837,-0.0017191484074317032,0.00015520625324442775,2.4013683795928955
2063.720253838,-0.0017191075599640726,0.00015387502678111624,2.4013671875
2063.770253839,-0.001719063696896228,0.0001524494947581926,2.4013659954071045
2063.82025384,-0.001719016818285013,0.0001509292630935581,2.401364803314209
2063.87025384,-0.0017189671982009713,0.00014931561683753454,2.401364803314209
2063.920253841,-0.0017189152479062386,0.00014762030991706483,2.4013724327087402
2063.970253842,-0.0017188609673723931,0.00014585209780834118,2.4013848304748535
2064.020253843,-0.0017188040824720474,0.00014400703969037689,2.401393175125122
2064.070253843,-0.0017187448673610106,0.00014207947277475408,2.4013962745666504
2064.120253844,-0.001718682910805569,0.00014006516496241318,2.401394844055176
2064.170253845,-0.0017186183498694163,0.0001379610578335884,2.4013915061950684
2064.220253846,-0.0017185507733614713,0.0001357647354936748,2.401386022567749
2064.270253846,-0.001718480318331217,0.00013347448454224345,2.401594877243042
2064.320253847,-0.001718406984792864,0.00013108912273299833,2.401686429977417
2064.370253848,-0.001718330635668508,0.00012860800754077852,2.40169358253479
2064.420253849,-0.0017182512709723596,0.0001260308219865047,2.40166974067688
2064.470253849,-0.0017181693018812894,0.00012335748896715753,2.4016387462615967
2064.52025385,-0.0017180843172326377,0.00012058812842076707,2.4016098976135254
2064.570253851,-0.0017179961799058674,0.00011772294595538479,2.4015862941741943
2064.620253852,-0.0017179053011489032,0.00011476224998308791,2.4015681743621826
2064.670253852,-0.0017178114068059358,0.00011170639175096437,2.401554822921753
2064.720253853,-0.0017177456122396961,0.0001085593377810073,2.401548385620117
2064.770253854,-0.00171770846571917,0.0001053213707842875,2.401543140411377
2064.820253855,-0.0017176548705464256,0.0001019895265780628,2.401538133621216
2064.870253855,-0.0017175912691129724,9.856399363638037e-05,2.4015345573425293
2064.920253856,-0.001717522321882825,9.504517460834105e-05,2.401531934738159
2064.970253857,-0.0017174496737197842,9.143367775109711e-05,2.4015305042266846
2065.020253858,-0.001717374558225515,8.773001708477728e-05,2.4015300273895264
2065.070253858,-0.001717297386690575,8.393584604079552e-05,2.401531219482422
2065.120253859,-0.0017172184331855078,8.00635525042535e-05,2.4015417098999023
2065.17025386,-0.001717138520191952,7.614279543657723e-05,2.4015719890594482
2065.220253861,-0.0017170586071983962,7.220881091758907e-05,2.4016215801239014
2065.270253861,-0.0017169786942048404,6.829000284290079e-05,2.4016826152801514
2065.320253862,-0.0017168994665723858,6.440651651805633e-05,2.4017462730407715
2065.370253863,-0.0017168210613647261,6.057131381730109e-05,2.401805877685547
2065.420253864,-0.0017167440268792689,5.6788168505079945e-05,2.401854991912842
2065.470253864,-0.001716668363116014,5.306604594913763e-05,2.40190052986145
2065.520253865,-0.001716593932997057,4.942288545196578e-05,2.4019458293914795
2065.570253866,-0.0017165211477561115,4.585140506174114e-05,2.401977777481079
2065.620253867,-0.0017164804373521747,4.234681582426466e-05,2.4019980430603027
2065.670253867,-0.0017164728983942723,3.8892643394411505e-05,2.4020004272460938
2065.720253868,-0.0017164848236603802,3.5464090584472965e-05,2.401984691619873
2065.770253869,-0.0017165222443225048,3.204828975722726e-05,2.401961088180542
2065.820253869,-0.0017165423939076163,2.863542955346783e-05,2.401935577392578
2065.87025387,-0.0017165529484657327,2.5229555739957646e-05,2.4019181728363037
2065.920253871,-0.0017165588425598344,2.1848547650173323e-05,2.4019174575805664
2065.970253872,-0.0017165630917901353,1.8506281685839224e-05,2.4019269943237305
2066.020253872,-0.0017165669298151442,1.520693318962577e-05,2.4019389152526855
2066.070253873,-0.0017165695341816445,1.1956501204784995e-05,2.4019529819488525
2066.120253874,-0.0017165722756260493,8.761798639772712e-06,2.4019694328308105
2066.170253875,-0.0017165748799925495,5.626272642077014e-06,2.401984453201294
2066.220253875,-0.0017165774843590498,2.544802286165728e-06,2.401992082595825
2066.270253876,-0.00171658008872555,-4.9924412482069e-07,2.4019863605499268
2066.320253877,-0.0017165826930778394,-3.5322483393392464e-06,2.4019618034362793
2066.370253878,-0.001716585434536455,-6.582669737726517e-06,2.401921510696411
2066.420253878,-0.0017165880389029553,-9.671682803588841e-06,2.4018735885620117
2066.470253879,-0.0017165906432694555,-1.2813937110594167e-05,2.4018242359161377
2066.52025388,-0.0017165932476501666,-1.6019672903493943e-05,2.401777982711792
2066.570253881,-0.0017165958520166669,-1.929612929910069e-05,2.401736259460449
2066.620253881,-0.0017165985934468608,-2.2648472199707843e-05,2.401700496673584
2066.670253882,-0.001716601197813361,-2.6080372565734537e-05,2.40166974067688
2066.720253883,-0.0017166044875409625,-2.9593620900629078e-05,2.4016847610473633
2066.770253884,-0.0017166080514243731,-3.318333401316881e-05,2.4020767211914062
2066.820253884,-0.0017166114782156683,-3.6843973336467e-05,2.4027295112609863
2066.870253885,-0.001716615042084868,-4.056852035401635e-05,2.403494358062744
2066.920253886,-0.001716618468890374,-4.435961156072698e-05,2.4042930603027344
2066.970253887,-0.0017166220327595738,-4.82144583974007e-05,2.405471086502075
2067.020253887,-0.0017166255966287736,-5.213184434973292e-05,2.407442331314087
2067.070253888,-0.0017166290234342796,-5.6123210649088285e-05,2.40981125831604
2067.120253889,-0.0017166324502397856,-6.019909899160622e-05,2.4128456115722656
2067.17025389,-0.0017166358770452916,-6.43522060079581e-05,2.4165124893188477
2067.22025389,-0.0017166394409144914,-6.856098997125034e-05,2.421201229095459
2067.270253891,-0.0017166428677057866,-7.282423008367727e-05,2.426438331604004
2067.320253892,-0.0017166464315891972,-7.714188779372924e-05,2.4329428672790527
2067.370253893,-0.001716649995458397,-8.147231033697725e-05,2.440491199493408
2067.420253893,-0.001716653422263903,-8.578051007666115e-05,2.4490959644317627
2067.470253894,-0.0017166569861331027,-9.007256101730171e-05,2.4581942558288574
2067.520253895,-0.0017166604129386087,-9.435581364673935e-05,2.4684712886810303
2067.570253896,-0.0017166639768078085,-9.86057492048351e-05,2.4796271324157715
2067.620253896,-0.00171666726653541,-0.00010280166981440662,2.4916014671325684
2067.670253897,-0.0017166708304046097,-0.00010694827875963153,2.5039072036743164
2067.720253898,-0.0017166743942880203,-0.00011106744759698599,2.5172336101531982
2067.770253899,-0.0017166778210793154,-0.0001151632456524889,2.531322956085205
2067.820253899,-0.001716681384962726,-0.00011925038246882323,2.5462539196014404
2067.8702539,-0.0017166848117540212,-0.00012335748896715753,2.5616393089294434
2067.920253901,-0.0017166883756374318,-0.0001275127505845489,2.5783016681671143
2067.970253902,-0.0017166919395066316,-0.0001317116182428583,2.595994234085083
2068.020253902,-0.001716695229234233,-0.00013595006545107758,2.6148033142089844
2068.070253903,-0.001716666032891112,-0.00014023970049711326,2.63430118560791
2068.120253904,-0.001716597359802563,-0.0001445996363627508,2.6553032398223877
2068.170253905,-0.0017165341695886127,-0.0001490208262937251,2.6775925159454346
2068.220253905,-0.0017164755027607725,-0.00015349675936840592,2.7011215686798096
2068.270253906,-0.0017164502815205651,-0.00015803812720547027,2.725651741027832
2068.320253907,-0.001716465770641662,-0.00016265808872021286,2.7518606185913086
2068.370253907,-0.0017164757769023709,-0.00016733721395176878,2.77963924407959
2068.420253908,-0.0017164824934354783,-0.00017207831287684166,2.8085663318634033
2068.470253909,-0.0017164886616853892,-0.00017690054131222767,2.839139938354492
2068.52025391,-0.0017164955152964012,-0.00018179793662443392,2.871457815170288
2068.57025391,-0.0017165029171621882,-0.00018675125732664272,2.9054036140441895
2068.620253911,-0.0017165108673538043,-0.00019177539286858208,2.9406981468200684
2068.670253912,-0.0017165188175312096,-0.00019688300527942234,2.9780538082122803
2068.720253913,-0.0017165269047865195,-0.0002020452066279305,3.017282009124756
2068.770253913,-0.0017165355403108151,-0.00020726007790562617,3.057816982269287
2068.820253914,-0.0017165444500051308,-0.00021253843066921626,3.1004137992858887
2068.870253915,-0.0017165534967489293,-0.00021785512933440737,3.144864797592163
2068.920253916,-0.0017165622693511295,-0.0002232125212597872,3.190694570541382
2068.970253916,-0.0017165710419675406,-0.0002286367015338895,3.23867130279541
2069.020253917,-0.0017165798145697408,-0.000234109816524244,3.288670301437378
2069.070253918,-0.0017165885872003628,-0.00023962634908146938,3.34024715423584
2069.120253919,-0.001716597359802563,-0.00024521280551020224,3.3941030502319336
2069.170253919,-0.0017166061324047632,-0.00025085193186812256,3.4501452445983887
2069.22025392,-0.0017166153162264663,-0.00025653581224524834,3.5079076290130615
2069.270253921,-0.001716590506191551,-0.0002622864295690837,3.5680694580078125
2069.320253922,-0.0017165192287507125,-0.00026808282895238194,3.630496025085449
2069.370253922,-0.001716445758134455,-0.00027392595276537897,3.6947288513183594
2069.420253923,-0.0017163680382878965,-0.0002798421531066729,3.761627674102783
2069.470253924,-0.0017162851097083376,-0.00028580391276537386,3.830934762954712
2069.520253925,-0.0017161976577426685,-0.0002918151554284644,3.9021806716918945
2069.570253925,-0.0017161052711855973,-0.00029788837178507186,3.97611141204834
2069.620253926,-0.001716010554417835,-0.0003039915383811782,4.051701068878174
2069.670253927,-0.0017159135074393816,-0.0003101182470991791,4.128701686859131
2069.720253928,-0.0017158161862909083,-0.00031624899944219235,4.207324028015137
2069.770253928,-0.0017157195504893252,-0.00032233863017490957,4.285851955413818
2069.820253929,-0.0017156227776382593,-0.000328358080026055,4.364003658294678
2069.87025393,-0.0017155277867146879,-0.0003342932305760937,4.441518306732178
2069.920253931,-0.0017154669267398504,-0.0003401108761247115,4.517530918121338
2069.970253931,-0.001715451026370829,-0.00034578500725339627,4.5915608406066895
2070.020253932,-0.0017154375933188248,-0.0003513210040394951,4.66363525390625
2070.070253933,-0.001715427175838613,-0.00035671180727324045,4.733686923980713
2070.120253934,-0.0017154207334613147,-0.00036197386559875074,4.80194091796875
2070.170253934,-0.0017154177178895225,-0.00036712657470888227,4.868675231933594
2070.220253935,-0.0017154174437337133,-0.00037219419635370967,4.93422794342041
2070.270253936,-0.0017154188144417049,-0.0003771906090767078,4.998806476593018
2070.320253937,-0.0017154212817445114,-0.00038211022719247817,5.062368869781494
2070.370253937,-0.001715455960976442,-0.00038694660831540775,5.124839782714844
2070.420253938,-0.001715531898881295,-0.0003917080795715814,5.1863226890563965
2070.470253939,-0.0017156035875416364,-0.0003964191425871339,5.247129440307617
2070.52025394,-0.0017156725347859947,-0.00040110481300832863,5.307586669921875
2070.57025394,-0.0017157407966692517,-0.00040578575444433934,5.367969036102295
2070.620253941,-0.00171580946974359,-0.0004104771818909755,5.428481101989746
2070.670253942,-0.001715878965256934,-0.0004151905751311114,5.489275932312012
2070.720253942,-0.0017159490090961071,-0.000419934672506935,5.550467491149902
2070.770253943,-0.0017160196011758444,-0.00042471598494007654,5.612144470214844
2070.820253944,-0.0017160911527867029,-0.00042953989250788297,5.674373626708984
2070.870253945,-0.0017161628414470442,-0.00043441030176333246,5.737206935882568
2070.920253945,-0.0017162357637658943,-0.0004393303653632144,5.800685405731201
2070.970253946,-0.0017163092343821518,-0.00044430159109990625,5.864828586578369
2071.020253947,-0.0017163831162179122,-0.00044931637147550325,5.929542064666748
2071.070253948,-0.0017164574092731755,-0.0004543662422918862,5.994718074798584
2071.120253948,-0.001716532524724812,-0.0004594531568255441,6.060370922088623
2071.170253949,-0.0017166080514243731,-0.00046458153564958387,6.126556873321533
2071.22025395,-0.001716684537598212,-0.00046975501117291484,6.193323612213135
2071.270253951,-0.0017167277153049554,-0.00047497231547921967,6.26065731048584
2071.320253951,-0.0017167273040996633,-0.0004802345108767643,6.328569412231445
2071.370253952,-0.0017167281265244583,-0.00048553878738884514,6.397029399871826
2071.420253953,-0.001716729086012947,-0.0004908770577654374,6.465932369232178
2071.470253954,-0.001716727441163357,-0.0004962498017586611,6.535280704498291
2071.520253954,-0.0017167237402162527,-0.0005016473900581053,6.604957103729248
2071.570253955,-0.0017167183944195585,-0.0005070354861191728,6.674530982971191
2071.620253956,-0.001716711677886451,-0.0005123908219640379,6.74369478225708
2071.670253957,-0.0017167045501196299,-0.0005176977713807879,6.812235355377197
2071.720253957,-0.0017166970111759383,-0.0005229561972973888,6.880140781402588
2071.770253958,-0.001716689472218036,-0.0005281777165687489,6.947553634643555
2071.820253959,-0.001716682207387521,-0.0005333668868400096,7.01453971862793
2071.87025396,-0.0017167079769393467,-0.0005385226458029047,7.081090927124023
2071.92025396,-0.0017167767870915895,-0.0005436566788483601,7.1473517417907715
2071.970253961,-0.0017168438153305488,-0.0005487785467507696,7.213449478149414
2072.020253962,-0.001716910158194196,-0.0005538909224148026,7.279423236846924
2072.070253963,-0.0017169774605463317,-0.000559005456963376,7.345417499542236
2072.120253963,-0.001717046818995982,-0.000564133081891227,7.411576747894287
2072.170253964,-0.0017170834172333116,-0.0005692689311411371,7.477851390838623
2072.220253965,-0.0017170780714224065,-0.0005744081729238967,7.544172286987305
2072.270253966,-0.0017170745075674176,-0.0005795461125223302,7.610485076904297
2072.320253966,-0.0017170714919672037,-0.0005846721953897951,7.676651954650879
2072.370253967,-0.0017170676539421947,-0.0005897720289626876,7.742491245269775
2072.420253968,-0.0017170624452091943,-0.0005948313577494387,7.80781364440918
2072.470253969,-0.0017170561399098005,-0.0005998351723622901,7.872426986694336
2072.520253969,-0.001717049149206673,-0.0006047743575109597,7.936203479766846
2072.57025397,-0.001717041747340886,-0.0006096537792526657,7.999200820922852
2072.620253971,-0.0017170343454466774,-0.0006144907771997497,8.061634063720703
2072.670253972,-0.001717027217708278,-0.0006193070772696514,8.123783111572266
2072.720253972,-0.0017170199528919738,-0.0006241100128162068,8.185752868652344
2072.770253973,-0.0017170451741463921,-0.0006288993096953475,8.247550964355469
2072.820253974,-0.001717112750668548,-0.0006336871673181277,8.309324264526367
2072.870253975,-0.001717176489151484,-0.0006384910623689235,8.371297836303711
2072.920253975,-0.0017172380345016336,-0.00064332100110624,8.43360710144043
2072.970253976,-0.001717300128120769,-0.000648184522491965,8.49634838104248
2073.020253977,-0.0017173631812710255,-0.0006530873150155225,8.559600830078125
2073.070253978,-0.0017174271938955599,-0.0006580352042383714,8.623384475708008
2073.120253978,-0.0017174925772707184,-0.0006630389503152057,8.687422752380371
2073.170253979,-0.0017175589201201547,-0.0006680965657015277,8.751849174499512
2073.22025398,-0.001717625948344903,-0.0006732079818613203,8.816791534423828
2073.27025398,-0.0017177255997182783,-0.0006783753919471327,8.88150691986084
2073.320253981,-0.0017178693882726748,-0.0006835813192745889,8.94603157043457
2073.370253982,-0.0017180118061048688,-0.0006888219258267282,9.010151863098145
2073.420253983,-0.0017181553205318778,-0.0006941185263048871,9.07351016998291
2073.470253983,-0.0017183025359059911,-0.000699469064628551,9.136664390563965
2073.520253984,-0.0017184516702712926,-0.0007048595594502191,9.198834419250488
2073.570253985,-0.0017186045055979093,-0.000710312079367417,9.259810447692871
2073.620253986,-0.0017187607677016103,-0.0007158238829394583,9.320464134216309
2073.670253986,-0.0017189177152090451,-0.0007213720791366116,9.379873275756836
2073.720253987,-0.0017190436843890211,-0.0007269653720330562,9.437918663024902
2073.770253988,-0.001719126612982791,-0.0007325971821711447,9.49538516998291
2073.820253989,-0.001719209130342847,-0.0007382653849343451,9.551370620727539
2073.870253989,-0.0017192908252638972,-0.0007439937623206121,9.60624885559082
2073.92025399,-0.001719369915846869,-0.0007497716227112685,9.66053295135498
2073.970253991,-0.0017194453054543146,-0.0007556005424347092,9.713224411010742
2074.020253992,-0.001719519598509578,-0.0007614855931562038,9.764997482299805
2074.070253992,-0.0017195916983894222,-0.0007673984695006654,9.815601348876953
2074.120253993,-0.0017196629758586823,-0.0007733406792604716,9.864299774169922
2074.170253994,-0.0017197005335845006,-0.0007792939233190405,9.911948204040527
2074.220253995,-0.0017196912126991037,-0.00078524401472082,9.9576416015625
2074.270253995,-0.0017196452935621664,-0.000791221726137515,10.001680374145508
2074.320253996,-0.001719548794838488,-0.0007972206837195295,10.044687271118164
2074.370253997,-0.0017194453054543146,-0.0008032534980940212,10.085714340209961
2074.420253998,-0.001719331535667834,-0.0008093268172546544,10.125615119934082
2074.470253998,-0.0017192439466384712,-0.0008154113077860846,10.163901329040527
2074.520253999,-0.0017191935041154238,-0.0008215312999744038,10.200267791748047
2074.570254,-0.0017191403201906041,-0.0008276898094043669,10.235652923583984
2074.620254001,-0.0017190882328179669,-0.000833884300243339,10.26902961730957
2074.670254001,-0.0017190382015144223,-0.00084012635507822,10.300992012023926
2074.720254002,-0.0017189924194553896,-0.0008463899302224894,10.33145523071289
2074.770254003,-0.0017189492417486463,-0.0008526952438012091,10.359785079956055
2074.820254004,-0.0017189085313731312,-0.0008590417475262421,10.386984825134277
2074.870254004,-0.0017188696029108996,-0.0008654164195543278,10.411999702453613
2074.920254005,-0.0017188308115407835,-0.000871830294184229,10.435412406921387
2074.970254006,-0.0017187933908644482,-0.0008782673339879304,10.457109451293945
2075.020254007,-0.0017187556960465145,-0.0008847517321794893,10.476593971252441
2075.070254007,-0.0017187181383206962,-0.0008912795136699103,10.494779586791992
2075.120254008,-0.0017186808547364762,-0.0008978429338892547,10.510568618774414
2075.170254009,-0.001718643022840638,-0.0009044469959667749,10.524773597717285
2075.22025401,-0.0017186053280227043,-0.0009110731951778379,10.536999702453613
2075.27025401,-0.0017185669478578802,-0.0009177404474631796,10.547712326049805
2075.320254011,-0.0017185285676930562,-0.0009244329210028362,10.557178497314453
2075.370254012,-0.001718489913372423,-0.0009311384163857531,10.565291404724121
2075.420254013,-0.0017184512590660006,-0.0009378710520314656,10.57298469543457
2075.470254013,-0.0017184128788869657,-0.0009446310335480247,10.580005645751953
2075.520254014,-0.0017183734021557484,-0.0009514215135922201,10.58692455291748
2075.570254015,-0.0017183339254103203,-0.0009582385856110737,10.593998908996582
2075.620254016,-0.001718294448679103,-0.0009650858134774775,10.60129165649414
2075.670254016,-0.001718254971919464,-0.000971959427710488,10.608795166015625
2075.720254017,-0.0017182494890306543,-0.000978849490587617,10.616473197937012
2075.770254018,-0.0017182932150063834,-0.000985759771589808,10.624284744262695
2075.820254018,-0.0017183443428763212,-0.0009926916414374045,10.632208824157715
2075.870254019,-0.0017184036950652626,-0.0009996387262808104,10.640218734741211
2075.92025402,-0.0017184383742971931,-0.0010065869762365082,10.648283004760742
2075.970254021,-0.0017184317948419903,-0.0010135239177493744,10.656373023986816
2076.020254021,-0.0017184241187919724,-0.0010204385850566637,10.664464950561523
2076.070254022,-0.0017184132901064686,-0.001027315900234601,10.67253303527832
2076.120254023,-0.0017183964302489585,-0.0010341397573191532,10.680557250976562
2076.170254024,-0.0017183740875026388,-0.0010408925425539107,10.688511848449707
2076.220254024,-0.0017183469472428214,-0.0010475607543434927,10.696372032165527
2076.270254025,-0.0017183162431138044,-0.001054132261812862,10.704123497009277
2076.320254026,-0.0017182837570288712,-0.00106058554465263,10.711745262145996
2076.370254027,-0.0017182501743917555,-0.0010669003847377351,10.719209671020508
2076.420254027,-0.001718216591740429,-0.0010730848693182018,10.726507186889648
2076.470254028,-0.0017181827349475043,-0.0010791453037076089,10.733647346496582
2076.520254029,-0.0017181491522961778,-0.0010850826474101967,10.74063491821289
2076.57025403,-0.001718115706708545,-0.0010908973801780852,10.747475624084473
2076.62025403,-0.001718083083574129,-0.0010965913524837378,10.754169464111328
2076.670254031,-0.0017180507345813112,-0.001102172034753025,10.760724067687988
2076.720254032,-0.0017180189338574792,-0.0011076540936936189,10.767151832580566
2076.770254033,-0.0017179880926647684,-0.00111304499973139,10.773469924926758
2076.820254033,-0.0017179573885215405,-0.0011183418058176005,10.779682159423828
2076.870254034,-0.001717927643895223,-0.0011235478016810739,10.785785675048828
2076.920254035,-0.0017179305224175323,-0.0011286741586926073,10.791792869567871
2076.970254036,-0.0017179756191154638,-0.0011337430825217607,10.797717094421387
2077.020254036,-0.001718018522666398,-0.001138786168272445,10.803595542907715
2077.070254037,-0.0017180600554951297,-0.0011438274035506656,10.809465408325195
2077.120254038,-0.0017181022736849627,-0.001148884813328936,10.815350532531738
2077.170254039,-0.001718145999646481,-0.0011539720362746713,10.821271896362305
2077.220254039,-0.0017181908222028142,-0.0011590994898624794,10.827245712280273
2077.27025404,-0.0017182367413255406,-0.0011642745074461965,10.833279609680176
2077.320254041,-0.0017182836199793883,-0.0011695033943394013,10.839384078979492
2077.370254042,-0.0017183307727464125,-0.001174790810991261,10.845560073852539
2077.420254042,-0.001718345165315327,-0.0011801356608255003,10.851815223693848
2077.470254043,-0.0017183155577527032,-0.001185539999922635,10.858139038085938
2077.520254044,-0.0017182858131121748,-0.0011910008126979092,10.864541053771973
2077.570254045,-0.0017182553831389669,-0.0011965082299648523,10.871006965637207
2077.620254045,-0.0017182224858487416,-0.0012020485445200322,10.877524375915527
2077.670254046,-0.0017181871212557098,-0.0012076091457362914,10.884072303771973
2077.720254047,-0.0017181491522961778,-0.0012131907189738016,10.890642166137695
2077.770254048,-0.0017181100867702526,-0.0012188027222029309,10.897237777709961
2077.820254048,-0.001718069650522125,-0.001224453653889807,10.903870582580566
2077.870254049,-0.0017180286659908006,-0.001230150778852249,10.910553932189941
2077.92025405,-0.0017179869960983751,-0.0012358990316834924,10.9172945022583
2077.970254051,-0.001717944914972236,-0.0012417033469767724,10.924099922180176
2078.020254051,-0.0017179028338603075,-0.0012475655066685356,10.930974006652832
2078.070254052,-0.0017178597932314688,-0.0012534771493646886,10.937915802001953
2078.120254053,-0.0017178167526310517,-0.0012594120943066757,10.944904327392578
2078.170254054,-0.0017177743973633142,-0.0012653437495198391,10.95187759399414
2078.220254054,-0.001717732590392984,-0.001271239628932045,10.959267616271973
2078.270254055,-0.0017176910575784632,-0.001277093975517852,10.966676712036133
2078.320254056,-0.0017176158050062895,-0.0012829082970696377,10.973672866821289
2078.370254056,-0.0017174846270791022,-0.0012886780702102692,10.980877876281738
2078.420254057,-0.0017173518042739033,-0.0012944281049779586,10.988298416137695
2078.470254058,-0.0017171815608207908,-0.001300163473037976,10.995809555053711
2078.520254059,-0.0017169518281008322,-0.0013058690964665458,11.003235816955566
2078.570254059,-0.0017167157900388474,-0.0013115719784544291,11.010618209838867
2078.62025406,-0.0017164406864651482,-0.0013172817140440286,11.018057823181152
2078.670254061,-0.0017161144550215113,-0.0013229843218878433,11.025470733642578
2078.720254062,-0.0017157458683385585,-0.0013287042008079824,11.032824516296387
2078.770254062,-0.0017153234123128414,-0.0013344634194019714,11.040281295776367
2078.820254063,-0.0017148587381115021,-0.0013402352486231177,11.0477876663208
2078.870254064,-0.0017143380014630338,-0.0013460227040561765,11.055232048034668
2078.920254065,-0.0017138035576067523,-0.0013518555303325952,11.062788963317871
2078.970254065,-0.0017132588333197418,-0.001357716182231981,11.07040786743164
2079.020254066,-0.0017127012242923456,-0.0013636206971823492,11.077987670898438
2079.070254067,-0.0017121315529209369,-0.0013695890877007105,11.08572769165039
2079.120254068,-0.0017115528348057296,-0.0013755996964056423,11.093498229980469
2079.170254068,-0.0017109323097059814,-0.0013816606105471695,11.101303100585938
2079.220254069,-0.0017101885568280295,-0.001387758945354066,11.109284400939941
2079.27025407,-0.001709320616711807,-0.0013938734546610123,11.117161750793457
2079.320254071,-0.001708389075176342,-0.0014000381323325199,11.125185012817383
2079.370254071,-0.0017073855708105157,-0.001406242972110083,11.133389472961426
2079.420254072,-0.0017063528701015684,-0.0014124742667902701,11.141414642333984
2079.470254073,-0.0017052867238191993,-0.0014187540849706062,11.149612426757812
2079.520254074,-0.0017041616365673917,-0.0014250521337315072,11.157986640930176
2079.570254074,-0.001702887414921861,-0.0014313174222762054,11.166135787963867
2079.620254075,-0.0017014495292926313,-0.0014375731157785015,11.174400329589844
2079.670254076,-0.001699933238455742,-0.0014438281239206258,11.182769775390625
2079.720254077,-0.0016982664425313487,-0.0014500557176558861,11.191014289855957
2079.770254077,-0.0016964422878800178,-0.0014562791992301168,11.199407577514648
2079.820254078,-0.0016945617966541704,-0.001462516936295917,11.207725524902344
2079.870254079,-0.0016926212678498587,-0.001468794150107601,11.216175079345703
2079.92025408,-0.0016906263214764294,-0.0014751037129193847,11.224810600280762
2079.97025408,-0.0016885928578318499,-0.0014814231449176395,11.233271598815918
2080.020254081,-0.0016865189579533535,-0.0014877842468143275,11.241888999938965
2080.070254082,-0.0016844221670453408,-0.0014941635792915802,11.250638961791992
2080.120254083,-0.0016823071455576155,-0.0015005608682053286,11.259294509887695
2080.170254083,-0.0016801416815610537,-0.001506981596436946,11.268142700195312
2080.220254084,-0.0016779213887616606,-0.0015133990349397394,11.276833534240723
2080.270254085,-0.001675678341982234,-0.0015198554019002798,11.285653114318848
2080.320254086,-0.001673387457088893,-0.0015263110835006487,11.29464054107666
2080.370254086,-0.0016710320112309773,-0.001532741269702634,11.303441047668457
2080.420254087,-0.0016686239297598604,-0.0015391639169427317,11.312396049499512
2080.470254088,-0.0016661619789459792,-0.0015455479098691511,11.32120418548584
2080.520254089,-0.001663647803681556,-0.001551911067846354,11.330060005187988
2080.570254089,-0.0016610863386006258,-0.0015582119951199755,11.339025497436523
2080.62025409,-0.0016585261071213608,-0.001564443975160334,11.347709655761719
2080.670254091,-0.001655966835187428,-0.001570616191793729,11.356420516967773
2080.720254092,-0.0016534277128101849,-0.0015766925950751345,11.364998817443848
2080.770254092,-0.00165090956247127,-0.0015826788049579574,11.373433113098145
2080.820254093,-0.0016483897672685544,-0.0015885598805904567,11.381868362426758
2080.870254094,-0.001645867915996746,-0.0015943092299979746,11.389933586120605
2080.920254094,-0.0016433740273811281,-0.0015999711274475965,11.39794635772705
2080.970254095,-0.0016408861699659383,-0.0016055206258290757,11.40598201751709
2081.020254096,-0.0016383929667540542,-0.0016109508715406967,11.413628578186035
2081.070254097,-0.0016359203243183629,-0.0016163120329470203,11.421238899230957
2081.120254097,-0.0016334482301658682,-0.0016215746395606679,11.428911209106445
2081.170254098,-0.0016309629771313894,-0.0016267396508858796,11.436223030090332
2081.220254099,-0.0016284549701026663,-0.0016318553162787363,11.443538665771484
2081.2702541,-0.0016259144770174316,-0.0016369225952434778,11.450989723205566
2081.3202541,-0.0016233723390541854,-0.0016419747962844442,11.458158493041992
2081.370254101,-0.0016207826371328338,-0.001647031931918646,11.465435981750488
2081.420254102,-0.0016181392029466224,-0.0016520844071036811,11.472919464111328
2081.470254103,-0.001615449301340277,-0.0016571356486404071,11.480170249938965
2081.520254103,-0.0016126328822565483,-0.0016621615318507842,11.487570762634277
2081.570254104,-0.0016096970734338356,-0.0016671584928619196,11.495183944702148
2081.620254105,-0.0016066999934167825,-0.0016721533977925402,11.50258731842041
2081.670254106,-0.001603624508163648,-0.0016771576236214946,11.51014518737793
2081.720254106,-0.0016005133842043051,-0.0016821863853445924,11.51793384552002
2081.770254107,-0.001597342496836518,-0.0016872136392753125,11.525506019592285
2081.820254108,-0.0015940856653173796,-0.0016922598091467687,11.533233642578125
2081.870254109,-0.001590789082897004,-0.0016973424401793542,11.541207313537598
2081.920254109,-0.0015874560392887815,-0.0017024593392205196,11.549006462097168
2081.97025411,-0.0015840732385612455,-0.001707634493876271,11.556976318359375
2082.020254111,-0.0015806594595488832,-0.0017128436423965339,11.56515121459961
2082.070254112,-0.0015771937302417882,-0.0017180586850142723,11.573195457458496
2082.120254112,-0.0015736565864017393,-0.001723291272852404,11.581399917602539
2082.170254113,-0.0015700998412455647,-0.0017285431878473745,11.58963394165039
2082.220254114,-0.001566491968233663,-0.0017337972959948942,11.59787368774414
2082.270254115,-0.0015628181635634064,-0.001739054008511066,11.606279373168945
2082.320254115,-0.001559126128327648,-0.0017443175746289538,11.614516258239746
2082.370254116,-0.001555379127211154,-0.001749582511467185,11.622873306274414
2082.420254117,-0.0015515232908711596,-0.0017547793235043589,11.631396293640137
2082.470254118,-0.0015475564261890895,-0.0017599049951557207,11.639694213867188
2082.520254118,-0.0015435350068599973,-0.0017650494456757846,11.648134231567383
2082.570254119,-0.0015394828833876772,-0.0017701914288992305,11.656668663024902
2082.62025412,-0.0015353900495256312,-0.0017753397174362553,11.665144920349121
2082.670254121,-0.0015312273089023165,-0.0017804814265156325,11.674134254455566
2082.720254121,-0.001526990823521146,-0.0017856102508237838,11.68226146697998
2082.770254122,-0.0015227158209540903,-0.0017907586764328428,11.69071102142334
2082.820254123,-0.0015183968182128638,-0.0017958798247070722,11.699386596679688
2082.870254124,-0.0015139992732144947,-0.0018008878885529876,11.708160400390625
2082.920254124,-0.0015094912481430356,-0.0018057111792966396,11.716267585754395
2082.970254125,-0.0015048588987554012,-0.0018103498340100626,11.724483489990234
2083.020254126,-0.001500175969752604,-0.0018149247502275267,11.73284912109375
2083.070254127,-0.001495462473727116,-0.0018194521024490818,11.741134643554688
2083.120254127,-0.0014907334885378987,-0.001823921747344188,11.749066352844238
2083.170254128,-0.0014859968273128743,-0.0018283284761755416,11.756975173950195
2083.220254129,-0.001481263044638581,-0.0018326367872862535,11.765260696411133
2083.27025413,-0.001476529810190641,-0.0018368491479729412,11.773191452026367
2083.32025413,-0.0014718061708265395,-0.0018410255957866373,11.780624389648438
2083.370254131,-0.0014670756778656369,-0.0018451388533925117,11.787641525268555
2083.420254132,-0.001462306941789393,-0.0018492038616423055,11.795374870300293
2083.470254132,-0.0014574963987428191,-0.0018532458417903335,11.803122520446777
2083.520254133,-0.001452639114134513,-0.0018572527314975756,11.81008243560791
2083.570254134,-0.0014477589385109013,-0.0018612577021963372,11.817389488220215
2083.620254135,-0.0014428525821017502,-0.0018652680187044373,11.825212478637695
2083.670254135,-0.0014379175776468855,-0.0018692897121913858,11.83246898651123
2083.720254136,-0.0014329684547647048,-0.0018733092125257855,11.839407920837402
2083.770254137,-0.0014279756059210058,-0.0018773097969194488,11.846725463867188
2083.820254138,-0.0014229313550799816,-0.001881270904567228,11.854375839233398
2083.870254138,-0.0014178721633726354,-0.0018852358502319682,11.861326217651367
2083.920254139,-0.0014127740432030578,-0.0018891718736974668,11.86871337890625
2083.97025414,-0.0014076210942022271,-0.0018930675979848756,11.875933647155762
2084.020254141,-0.0014024085188850677,-0.0018969470107002,11.882987976074219
2084.070254141,-0.0013971083545385454,-0.0019007227969575786,11.890134811401367
2084.120254142,-0.001391703055944049,-0.0019044061966638256,11.897747993469238
2084.170254143,-0.0013862349783408945,-0.0019080904188022783,11.905125617980957
2084.220254144,-0.0013807126202323161,-0.0019117743667966625,11.911952018737793
2084.270254144,-0.0013751244675290764,-0.0019154614674478361,11.918928146362305
2084.320254145,-0.0013694947820255265,-0.0019191425369294995,11.926422119140625
2084.370254146,-0.001363838230375336,-0.001922816341593344,11.933721542358398
2084.420254147,-0.001358164544726037,-0.0019264842521597128,11.940874099731445
2084.470254147,-0.0013524971644045536,-0.0019301370848023064,11.94753360748291
2084.520254148,-0.0013468525380346819,-0.0019337677117753401,11.954407691955566
2084.570254149,-0.0013412738433231652,-0.001937351323040602,11.96158504486084
2084.62025415,-0.0013357839712568875,-0.0019408751708989006,11.968427658081055
2084.67025415,-0.0013303778502233854,-0.0019443458348078829,11.974715232849121
2084.720254151,-0.0013250621967273446,-0.001947757831886176,11.980806350708008
2084.770254152,-0.0013198282381949866,-0.0019511151372227757,11.987330436706543
2084.820254153,-0.001314661856142152,-0.0019543889656904747,11.99349594116211
2084.870254153,-0.001309573056872182,-0.0019575528623866486,11.998991012573242
2084.920254154,-0.0013045581394237615,-0.001960623961315588,12.00459098815918
2084.970254155,-0.0012996117580001965,-0.001963584580184866,12.010380744934082
2085.020254156,-0.0012947378876617677,-0.001966452949575046,12.01588249206543
2085.070254156,-0.0012899273446294046,-0.0019692256426852707,12.020892143249512
2085.120254157,-0.0012851496988588451,-0.001971928703202061,12.026010513305664
2085.170254158,-0.0012803653365835999,-0.001974492772676051,12.031002044677734
2085.220254159,-0.0012755476657986264,-0.00197693909727256,12.036264419555664
2085.270254159,-0.0012707055961840297,-0.001979343066610464,12.041234970092773
2085.32025416,-0.0012658129469826918,-0.001981701528032974,12.04604721069336
2085.370254161,-0.0012608938429110594,-0.00198406177139193,12.050856590270996
2085.420254162,-0.001255920732432969,-0.0019863962452084335,12.056036949157715
2085.470254162,-0.0012508799083548183,-0.0019886905569188817,12.061315536499023
2085.520254163,-0.0012457875452298595,-0.001990962388815701,12.066367149353027
2085.570254164,-0.0012406489887837324,-0.0019931980336954603,12.071022987365723
2085.620254165,-0.0012354776721679173,-0.0019954401209608327,12.075770378112793
2085.670254165,-0.0012302849722800602,-0.0019976443763447325,12.080912590026855
2085.720254166,-0.0012250643097218017,-0.0019997929804826983,12.085990905761719
2085.770254167,-0.0012198029367596064,-0.002001914033141766,12.090961456298828
2085.820254168,-0.0012144945480798697,-0.0020040012290083566,12.095515251159668
2085.870254168,-0.0012091494240991096,-0.0020060566241629847,12.100136756896973
2085.920254169,-0.0012037611224258171,-0.0020080702123471458,12.105237007141113
2085.97025417,-0.0011983495185177162,-0.002010084211747409,12.110217094421387
2086.02025417,-0.0011929368180290112,-0.0020120916316900255,12.114686965942383
2086.070254171,-0.0011875345350063071,-0.0020140861668614157,12.119359016418457
2086.120254172,-0.001182141435819517,-0.0020160328638928284,12.124350547790527
2086.170254173,-0.0011767501185744322,-0.0020179167819325224,12.129020690917969
2086.220254173,-0.0011713646954092383,-0.002019758481785646,12.133246421813965
2086.270254174,-0.0011659588485173344,-0.0020215535771471007,12.137797355651855
2086.320254175,-0.0011605302476738188,-0.0020233135820677695,12.142565727233887
2086.370254176,-0.0011550772480148908,-0.0020250282161450783,12.146961212158203
2086.420254176,-0.0011496208215504566,-0.002026700083747679,12.151070594787598
2086.470254177,-0.001144156581972311,-0.0020283173966806206,12.155562400817871
2086.520254178,-0.001138698442090913,-0.002029888653410031,12.160144805908203
2086.570254179,-0.0011332567508901548,-0.002031402065740958,12.16427993774414
2086.620254179,-0.0011278394584763873,-0.002032864076059015,12.168230056762695
2086.67025418,-0.001122417300024381,-0.0020341957308724337,12.17253589630127
2086.720254181,-0.00111698177701669,-0.0020353940145964593,12.176834106445312
2086.770254182,-0.0011115407711628222,-0.002036537195362688,12.180887222290039
2086.820254182,-0.0011060783820511233,-0.0020376155410566834,12.184618949890137
2086.870254183,-0.0011005825473802133,-0.0020386851141404824,12.188467979431152
2086.920254184,-0.0010950521020021142,-0.0020397471482623934,12.192630767822266
2086.970254185,-0.001089481563070649,-0.002040804933151241,12.196700096130371
2087.020254185,-0.0010838663386465441,-0.002041862169751951,12.200693130493164
2087.070254186,-0.0010782186281659278,-0.0020428840417678067,12.204349517822266
2087.120254187,-0.0010725311667840742,-0.0020438508108258655,12.208094596862793
2087.170254188,-0.0010667929201986226,-0.0020447850938117907,12.212068557739258
2087.220254188,-0.001061004162579593,-0.0020456652333441594,12.216226577758789
2087.270254189,-0.0010551750372655988,-0.0020465442763002535,12.220050811767578
2087.32025419,-0.0010492997186588582,-0.002047385898590978,12.223758697509766
2087.370254191,-0.001043384375009282,-0.0020481676204027054,12.227514266967773
2087.420254191,-0.0010374207819978665,-0.002048943722261025,12.231520652770996
2087.470254192,-0.0010314014692340834,-0.0020497192758312075,12.235578536987305
2087.520254193,-0.0010253289039781066,-0.0020504580940961924,12.23942756652832
2087.570254194,-0.0010191947248188171,-0.002051149348365268,12.24300479888916
2087.620254194,-0.0010129957106101983,-0.0020518019483206657,12.24677848815918
2087.670254195,-0.0010067339174071321,-0.0020523932770767223,12.25066089630127
2087.720254196,-0.0010004097564291214,-0.0020529396462055215,12.254438400268555
2087.770254197,-0.0009940181560068595,-0.002053419946613779,12.258172035217285
2087.820254197,-0.0009875625429316415,-0.002053885580314364,12.26179313659668
2087.870254198,-0.0009810453845204847,-0.002054337232667448,12.265656471252441
2087.920254199,-0.0009744741512065502,-0.002054776137321341,12.269293785095215
2087.9702542,-0.0009678574099751813,-0.002055170219420011,12.272940635681152
2088.0202542,-0.0009611877589321693,-0.0020555083761286783,12.276638984680176
2088.070254201,-0.0009544635531995027,-0.002055836389506806,12.28051471710205
2088.120254202,-0.0009476954159026718,-0.002056155356130669,12.284146308898926
2088.170254203,-0.0009408837582469687,-0.0020564654130723007,12.287714958190918
2088.220254203,-0.0009340311160173087,-0.002056768068124079,12.291217803955078
2088.270254204,-0.0009271320749348888,-0.0020570655144385532,12.29485034942627
2088.320254205,-0.0009201924605122258,-0.0020573595339521697,12.298352241516113
2088.370254206,-0.0009132457868759047,-0.002057616955232623,12.30154037475586
2088.420254206,-0.0009063322161466658,-0.0020578228374281715,12.304609298706055
2088.470254207,-0.0008994699788900107,-0.002058018850437249,12.307652473449707
2088.520254208,-0.000892688682682774,-0.0020582037606115466,12.310420036315918
2088.570254208,-0.0008859940159879898,-0.0020583777050230986,12.312971115112305
2088.620254209,-0.0008793869383225683,-0.0020585408207439396,12.315430641174316
2088.67025421,-0.0008728593624454106,-0.0020586957121427212,12.317840576171875
2088.720254211,-0.0008663955250653999,-0.002058811400939687,12.32022476196289
2088.770254211,-0.0008599869277077232,-0.0020588033136896625,12.322593688964844
2088.820254212,-0.0008536129410430249,-0.0020586599363417637,12.324947357177734
2088.870254213,-0.0008472386802225174,-0.002058487499722589,12.327306747436523
2088.920254214,-0.0008408616094328636,-0.002058293405721992,12.329681396484375
2088.970254214,-0.0008344833735378643,-0.002058075324115389,12.33206844329834
2089.020254215,-0.0008281110317369667,-0.002057835859271432,12.334470748901367
2089.070254216,-0.0008217513691022305,-0.002057580631143528,12.336881637573242
2089.120254217,-0.0008154031519893579,-0.00205728085460447,12.339287757873535
2089.170254217,-0.0008090539753311532,-0.0020569270716838902,12.341675758361816
2089.220254218,-0.0008026817020834187,-0.002056563145432771,12.343889236450195
2089.270254219,-0.0007962797527198973,-0.002056189761211283,12.34599494934082
2089.32025422,-0.0007898544325826151,-0.0020558431060364877,12.348074913024902
2089.37025422,-0.0007834125267152103,-0.0020555475787304937,12.350147247314453
2089.420254221,-0.0007769662345538109,-0.0020552886496576633,12.352038383483887
2089.470254222,-0.0007705401605164752,-0.0020550823562460116,12.353788375854492
2089.520254223,-0.0007641510273685981,-0.0020548881251733803,12.35549259185791
2089.570254223,-0.0007578154894076761,-0.0020547070530160436,12.357184410095215
2089.620254224,-0.0007515502008743624,-0.002054539276846036,12.358871459960938
